{
  "monthly_revenue": 1728.0,
  "monthly_costs": {
    "hardware_depreciation": 2819.4444444444443,
    "electricity_cost_monthly": 64.8,
    "maintenance_cost": 50,
    "total_monthly_cost": 2934.2444444444445,
    "total_hardware_cost": 101500,
    "gpu_cost": 100000,
    "power_consumption": 1200
  },
  "profitability": {
    "monthly_profit": -1206.2444444444445,
    "profit_margin": -69.80581275720165,
    "break_even_time_months": Infinity,
    "roi": -42.78305418719212
  },
  "price_frontier": {
    "utilization_rates": [
      1,
      2,
      3,
      4,
      5,
      6,
      7,
      8,
      9,
      10,
      11,
      12,
      13,
      14,
      15,
      16,
      17,
      18,
      19,
      20,
      21,
      22,
      23,
      24
    ],
    "min_prices": [
      0.39928395061728394,
      0.200016975308642,
      0.1335946502057613,
      0.10038348765432098,
      0.08045679012345679,
      0.06717232510288065,
      0.05768342151675485,
      0.05056674382716049,
      0.045031550068587105,
      0.040603395061728394,
      0.03698035914702581,
      0.03396116255144033,
      0.03140645773979107,
      0.029216710758377423,
      0.027318930041152264,
      0.025658371913580245,
      0.024193173565722585,
      0.02289077503429355,
      0.021725471085120206,
      0.020676697530864197,
      0.019727807172251616,
      0.018865179573512907,
      0.01807756307031669,
      0.017355581275720164
    ],
    "break_even_times": [
      Infinity,
      Infinity,
      Infinity,
      Infinity,
      Infinity,
      Infinity,
      Infinity,
      Infinity,
      Infinity,
      Infinity,
      Infinity,
      Infinity,
      Infinity,
      Infinity,
      Infinity,
      Infinity,
      Infinity,
      Infinity,
      Infinity,
      Infinity,
      Infinity,
      Infinity,
      Infinity,
      Infinity
    ]
  },
  "profit_over_time": {
    "months": [
      0,
      1,
      2,
      3,
      4,
      5,
      6,
      7,
      8,
      9,
      10,
      11,
      12,
      13,
      14,
      15,
      16,
      17,
      18,
      19,
      20,
      21,
      22,
      23,
      24,
      25,
      26,
      27,
      28,
      29,
      30,
      31,
      32,
      33,
      34,
      35,
      36,
      37,
      38,
      39,
      40,
      41,
      42,
      43,
      44,
      45,
      46,
      47,
      48,
      49,
      50,
      51,
      52,
      53,
      54,
      55,
      56,
      57,
      58,
      59,
      60
    ],
    "cumulative_profit": [
      -101500,
      -101500,
      -102706.24444444444,
      -103912.48888888888,
      -105118.73333333332,
      -106324.97777777776,
      -107531.2222222222,
      -108737.46666666665,
      -109943.71111111109,
      -111149.95555555553,
      -112356.19999999997,
      -113562.44444444441,
      -114768.68888888885,
      -115974.93333333329,
      -117181.17777777773,
      -118387.42222222217,
      -119593.66666666661,
      -120799.91111111105,
      -122006.1555555555,
      -123212.39999999994,
      -124418.64444444438,
      -125624.88888888882,
      -126831.13333333326,
      -128037.3777777777,
      -129243.62222222214,
      -130449.86666666658,
      -131656.11111111104,
      -132862.3555555555,
      -134068.59999999995,
      -135274.8444444444,
      -136481.08888888886,
      -137687.3333333333,
      -138893.57777777777,
      -140099.82222222222,
      -141306.06666666668,
      -142512.31111111114,
      -143718.5555555556,
      -246424.80000000005,
      -247631.0444444445,
      -248837.28888888896,
      -250043.5333333334,
      -251249.77777777787,
      -252456.02222222232,
      -253662.26666666678,
      -254868.51111111123,
      -256074.7555555557,
      -257281.00000000015,
      -258487.2444444446,
      -259693.48888888906,
      -260899.7333333335,
      -262105.97777777797,
      -263312.2222222224,
      -264518.46666666685,
      -265724.7111111113,
      -266930.9555555557,
      -268137.2000000001,
      -269343.44444444455,
      -270549.688888889,
      -271755.9333333334,
      -272962.17777777783,
      -274168.42222222226
    ],
    "cumulative_cost": [
      101500,
      101500,
      104434.24444444444,
      107368.48888888888,
      110302.73333333332,
      113236.97777777776,
      116171.2222222222,
      119105.46666666665,
      122039.71111111109,
      124973.95555555553,
      127908.19999999997,
      130842.44444444441,
      133776.68888888886,
      136710.93333333332,
      139645.17777777778,
      142579.42222222223,
      145513.6666666667,
      148447.91111111114,
      151382.1555555556,
      154316.40000000005,
      157250.6444444445,
      160184.88888888896,
      163119.13333333342,
      166053.37777777787,
      168987.62222222233,
      171921.86666666679,
      174856.11111111124,
      177790.3555555557,
      180724.60000000015,
      183658.8444444446,
      186593.08888888906,
      189527.33333333352,
      192461.57777777797,
      195395.82222222243,
      198330.06666666688,
      201264.31111111134,
      204198.5555555558,
      308632.8000000003,
      311567.0444444447,
      314501.28888888913,
      317435.53333333356,
      320369.777777778,
      323304.0222222224,
      326238.26666666684,
      329172.51111111126,
      332106.7555555557,
      335041.0000000001,
      337975.24444444454,
      340909.48888888897,
      343843.7333333334,
      346777.9777777778,
      349712.22222222225,
      352646.4666666667,
      355580.7111111111,
      358514.9555555555,
      361449.19999999995,
      364383.4444444444,
      367317.6888888888,
      370251.93333333323,
      373186.17777777766,
      376120.4222222221
    ],
    "cumulative_revenue": [
      0,
      0,
      1728.0,
      3456.0,
      5184.0,
      6912.0,
      8640.0,
      10368.0,
      12096.0,
      13824.0,
      15552.0,
      17280.0,
      19008.0,
      20736.0,
      22464.0,
      24192.0,
      25920.0,
      27648.0,
      29376.0,
      31104.0,
      32832.0,
      34560.0,
      36288.0,
      38016.0,
      39744.0,
      41472.0,
      43200.0,
      44928.0,
      46656.0,
      48384.0,
      50112.0,
      51840.0,
      53568.0,
      55296.0,
      57024.0,
      58752.0,
      60480.0,
      62208.0,
      63936.0,
      65664.0,
      67392.0,
      69120.0,
      70848.0,
      72576.0,
      74304.0,
      76032.0,
      77760.0,
      79488.0,
      81216.0,
      82944.0,
      84672.0,
      86400.0,
      88128.0,
      89856.0,
      91584.0,
      93312.0,
      95040.0,
      96768.0,
      98496.0,
      100224.0,
      101952.0
    ]
  },
  "gpu_thread_data": {
    "llm_sizes": [
      7,
      13,
      20,
      30,
      65,
      70,
      105,
      175
    ],
    "vram_requirements": {
      "7": 14,
      "13": 26,
      "20": 40,
      "30": 60,
      "65": 130,
      "70": 140,
      "105": 210,
      "175": 350
    },
    "max_threads_by_model": {
      "NVIDIA RTX 5090": [
        1,
        1,
        1,
        1,
        1,
        1,
        1,
        1
      ],
      "NVIDIA RTX 5080": [
        1,
        1,
        1,
        1,
        1,
        1,
        1,
        1
      ],
      "NVIDIA H100": [
        5,
        3,
        2,
        1,
        1,
        1,
        1,
        1
      ],
      "NVIDIA H200 (SXM)": [
        10,
        5,
        3,
        2,
        1,
        1,
        1,
        1
      ],
      "NVIDIA GB200 (Blackwell)": [
        13,
        7,
        4,
        3,
        1,
        1,
        1,
        1
      ]
    }
  },
  "selected_gpu_model": {
    "name": "NVIDIA GB200 (Blackwell)",
    "cost": 100000,
    "memory_gb": 192,
    "power_w": 1200
  },
  "constrained_threads": 4
}